-- phpMyAdmin SQL Dump
-- version 4.5.4.1deb2ubuntu2
-- http://www.phpmyadmin.net
--
-- Host: localhost
-- Generation Time: Jul 10, 2018 at 09:55 AM
-- Server version: 5.7.22-0ubuntu0.16.04.1
-- PHP Version: 7.0.30-1+ubuntu16.04.1+deb.sury.org+1

SET SQL_MODE = "NO_AUTO_VALUE_ON_ZERO";
SET time_zone = "+00:00";


/*!40101 SET @OLD_CHARACTER_SET_CLIENT=@@CHARACTER_SET_CLIENT */;
/*!40101 SET @OLD_CHARACTER_SET_RESULTS=@@CHARACTER_SET_RESULTS */;
/*!40101 SET @OLD_COLLATION_CONNECTION=@@COLLATION_CONNECTION */;
/*!40101 SET NAMES utf8mb4 */;

--
-- Database: `tokoci`
--

-- --------------------------------------------------------

--
-- Table structure for table `ci_sessions`
--

CREATE TABLE `ci_sessions` (
  `id` varchar(128) NOT NULL,
  `ip_address` varchar(45) NOT NULL,
  `timestamp` int(10) UNSIGNED NOT NULL DEFAULT '0',
  `data` blob NOT NULL
) ENGINE=InnoDB DEFAULT CHARSET=latin1;

--
-- Dumping data for table `ci_sessions`
--

INSERT INTO `ci_sessions` (`id`, `ip_address`, `timestamp`, `data`) VALUES
('hq27r6jgsluss9j2l9kssve1mctorvh6', '127.0.0.1', 1484127417, 0x5f5f63695f6c6173745f726567656e65726174657c693a313438343132373334313b),
('tjs4lba084q8uil9jrvc0puh0k0ta5qs', '127.0.0.1', 1484309294, 0x5f5f63695f6c6173745f726567656e65726174657c693a313438343330393239343b),
('0ihmrrhh3na2i7nm6o93n3pr7b987pe3', '127.0.0.1', 1484309772, 0x5f5f63695f6c6173745f726567656e65726174657c693a313438343330393737323b),
('25p2v4ejsnnjfi5sjqtfit7vv2dl7rc2', '127.0.0.1', 1484310015, 0x5f5f63695f6c6173745f726567656e65726174657c693a313438343331303031353b),
('bi7bk3jcu9pj3jh54lsdclfpkg4lg7gd', '127.0.0.1', 1484311082, 0x5f5f63695f6c6173745f726567656e65726174657c693a313438343331303835353b),
('4kgeu55i1a1nkfoq6nfspo6ekj9kv8ko', '127.0.0.1', 1484311323, 0x5f5f63695f6c6173745f726567656e65726174657c693a313438343331313135373b),
('urc8druff9efoan2i1e76j9icrv0i11a', '127.0.0.1', 1484311840, 0x5f5f63695f6c6173745f726567656e65726174657c693a313438343331313539333b),
('6iicdl933itfkdsddfih8clsoo383shr', '127.0.0.1', 1484311870, 0x5f5f63695f6c6173745f726567656e65726174657c693a313438343331313837303b),
('kl3o9c7kcebf2irtn4vmpkvpj2uh93f7', '127.0.0.1', 1484312040, 0x5f5f63695f6c6173745f726567656e65726174657c693a313438343331323034303b),
('nj5c12ofjsplea518m00ejh833qo8u4q', '127.0.0.1', 1484324912, 0x5f5f63695f6c6173745f726567656e65726174657c693a313438343332343931323b),
('ofcaucsj7cga5vls1ej0jhba1e2gdca0', '127.0.0.1', 1484326236, 0x5f5f63695f6c6173745f726567656e65726174657c693a313438343332353936323b),
('d0jtis1vi89uess4cq53dbkiid3tb1u6', '127.0.0.1', 1484327054, 0x5f5f63695f6c6173745f726567656e65726174657c693a313438343332363738323b),
('s7q8nmf6qrraop98ufvr6ldchq9o55jm', '127.0.0.1', 1484327435, 0x5f5f63695f6c6173745f726567656e65726174657c693a313438343332373330363b),
('6smmpthpkinr75rd1shedr1pckce946n', '127.0.0.1', 1484329332, 0x5f5f63695f6c6173745f726567656e65726174657c693a313438343332393235383b),
('coeqcpibm8k9tl5a3ovd7886p77ih1hc', '127.0.0.1', 1484329864, 0x5f5f63695f6c6173745f726567656e65726174657c693a313438343332393736333b),
('rh6ft02o23e0hd6utk3j55pu2ql5417m', '127.0.0.1', 1484417853, 0x5f5f63695f6c6173745f726567656e65726174657c693a313438343431373739333b),
('mbb7t435o5ml3t5odqppjlhdikne5mdl', '127.0.0.1', 1484419430, 0x5f5f63695f6c6173745f726567656e65726174657c693a313438343431393430393b),
('jh0tc2h0ih56rjmaqcb09a6l491324kd', '127.0.0.1', 1484420069, 0x5f5f63695f6c6173745f726567656e65726174657c693a313438343431393838393b),
('us554g8r8kktqgtk2j1qrevq8nvocd18', '127.0.0.1', 1484420707, 0x5f5f63695f6c6173745f726567656e65726174657c693a313438343432303438323b),
('4fqq0bqvosot8a6pq9928e0eioodsd7s', '127.0.0.1', 1484546265, 0x5f5f63695f6c6173745f726567656e65726174657c693a313438343534363235383b),
('e2425b9j0u6ttf6ts1d70b5b1sb6pr0q', '127.0.0.1', 1484547343, 0x5f5f63695f6c6173745f726567656e65726174657c693a313438343534373334333b),
('43nnn22r4lu5tur6e3oif6o1i4ogm6a2', '127.0.0.1', 1484550613, 0x5f5f63695f6c6173745f726567656e65726174657c693a313438343535303335303b),
('u38lsvshbkgh7egpa1l5e39irk21k5qg', '127.0.0.1', 1484554250, 0x5f5f63695f6c6173745f726567656e65726174657c693a313438343535333938353b),
('ciedpmr35u2vijnklffk4tkbm7r4fl7n', '127.0.0.1', 1484554553, 0x5f5f63695f6c6173745f726567656e65726174657c693a313438343535343337303b),
('usodh53tribesf0tr4dnd4u8heneumu1', '127.0.0.1', 1484554826, 0x5f5f63695f6c6173745f726567656e65726174657c693a313438343535343831393b),
('9kjj5og7nc1di655uiiqckvbsogni768', '127.0.0.1', 1484640599, 0x5f5f63695f6c6173745f726567656e65726174657c693a313438343634303539393b),
('aefeqv4htu0vt8rkdcqsendth5gl5688', '127.0.0.1', 1484658808, 0x5f5f63695f6c6173745f726567656e65726174657c693a313438343635383536323b),
('quunbl8le68vapqu8gjsil24skqu0pjp', '127.0.0.1', 1484729867, 0x5f5f63695f6c6173745f726567656e65726174657c693a313438343732393836373b),
('cg5l5v3jq6ggfglfekq95cs050gnrd05', '127.0.0.1', 1484730870, 0x5f5f63695f6c6173745f726567656e65726174657c693a313438343733303736353b),
('s45tnt3dc37b4i2hs61fhkkitip3t3ct', '127.0.0.1', 1484731139, 0x5f5f63695f6c6173745f726567656e65726174657c693a313438343733313131373b),
('1h5as1ca7c2oris8iuol6f6ss57sem75', '127.0.0.1', 1484731803, 0x5f5f63695f6c6173745f726567656e65726174657c693a313438343733313532373b),
('e6i6s00a4862vr50pn60bisfsc7oa3ig', '127.0.0.1', 1484732257, 0x5f5f63695f6c6173745f726567656e65726174657c693a313438343733323036363b),
('u78luri9ol5t842f83skjr9o8l8mei5o', '127.0.0.1', 1484732268, 0x5f5f63695f6c6173745f726567656e65726174657c693a313438343733323236383b),
('5ah7mio0hssebgukhnjv8r0453dsmgrp', '127.0.0.1', 1484732765, 0x5f5f63695f6c6173745f726567656e65726174657c693a313438343733323530333b),
('og04ccua5dvspvodi2g4et1ckv127qhf', '127.0.0.1', 1484732994, 0x5f5f63695f6c6173745f726567656e65726174657c693a313438343733323830363b),
('1fmskvm50nredj0h1t6usoe9omr8n5c2', '127.0.0.1', 1484733270, 0x5f5f63695f6c6173745f726567656e65726174657c693a313438343733333237303b),
('kv1c44c8lh1shjdmk4l29a1omvaslgq2', '127.0.0.1', 1484744835, 0x5f5f63695f6c6173745f726567656e65726174657c693a313438343734343733393b),
('1qt6ubc2vc325uu6hlet0v68et5cccaj', '127.0.0.1', 1484754899, 0x5f5f63695f6c6173745f726567656e65726174657c693a313438343735343839393b),
('8hh1icfphi9ppk0plvd99516vdipl9e9', '127.0.0.1', 1484812032, 0x5f5f63695f6c6173745f726567656e65726174657c693a313438343831323032333b),
('416p1o2js0qpnh2eifhbt1pcfklb521k', '127.0.0.1', 1484812911, 0x5f5f63695f6c6173745f726567656e65726174657c693a313438343831323737373b),
('mtfov03h2o04ucd3as8v51hk52c8nopr', '127.0.0.1', 1484814198, 0x5f5f63695f6c6173745f726567656e65726174657c693a313438343831333930353b),
('a14l9vleabfd59t77lgqsibj0qp8o9c8', '127.0.0.1', 1484814521, 0x5f5f63695f6c6173745f726567656e65726174657c693a313438343831343232323b),
('a7bc2ts52s931e81t4nv0nc2mrn37h6o', '127.0.0.1', 1484814682, 0x5f5f63695f6c6173745f726567656e65726174657c693a313438343831343635333b),
('q78nipv01iqdkgjo13bdft27d6t9r2cc', '127.0.0.1', 1484814985, 0x5f5f63695f6c6173745f726567656e65726174657c693a313438343831343938353b),
('9fmf4h65l8t4hf9310sl79e45ev4241b', '127.0.0.1', 1484815593, 0x5f5f63695f6c6173745f726567656e65726174657c693a313438343831353537333b),
('fal9jc6j9tcm11vbu77ecpk3d3b39tuf', '127.0.0.1', 1484978618, 0x5f5f63695f6c6173745f726567656e65726174657c693a313438343937383630393b),
('a42ujhdl40s66ocloo21kob4vepmu8ha', '127.0.0.1', 1484979913, 0x5f5f63695f6c6173745f726567656e65726174657c693a313438343937393634323b),
('8uos7ceafcms3451pth9j95or44fr7m3', '127.0.0.1', 1484979957, 0x5f5f63695f6c6173745f726567656e65726174657c693a313438343937393934333b),
('p1k37jtfoseh2333vmdo6rl1hbr1gibg', '127.0.0.1', 1484980347, 0x5f5f63695f6c6173745f726567656e65726174657c693a313438343938303334373b),
('ncua55vae7h0kint686phvoedf0a7c0e', '127.0.0.1', 1484980696, 0x5f5f63695f6c6173745f726567656e65726174657c693a313438343938303639363b),
('mtt3c1iv970mangdgcal8o6m995e97v7', '127.0.0.1', 1484981920, 0x5f5f63695f6c6173745f726567656e65726174657c693a313438343938313635313b),
('8m2o3d3fjsekvmqj7d4al16u9kjujcvv', '127.0.0.1', 1484981988, 0x5f5f63695f6c6173745f726567656e65726174657c693a313438343938313938383b),
('kflbjjdg8vefhs00nbqb0ahgc4j566rp', '127.0.0.1', 1484982742, 0x5f5f63695f6c6173745f726567656e65726174657c693a313438343938323435323b),
('ni59ulrcs8sc7rn8eqmll3n670rmn4jr', '127.0.0.1', 1484983003, 0x5f5f63695f6c6173745f726567656e65726174657c693a313438343938323736373b),
('sp0l147je61lunjsfbc8ge598rlbh8nc', '127.0.0.1', 1484983408, 0x5f5f63695f6c6173745f726567656e65726174657c693a313438343938333131313b),
('k2mvce5te2el6r288r5pvfr3a38v9tb4', '127.0.0.1', 1484983714, 0x5f5f63695f6c6173745f726567656e65726174657c693a313438343938333432333b),
('vu9rne4gkor0sav16cd4vsj8pndgka3k', '127.0.0.1', 1484984023, 0x5f5f63695f6c6173745f726567656e65726174657c693a313438343938333733383b),
('icip04baq7smfhilp3jue4tcinhfjmfv', '127.0.0.1', 1484984338, 0x5f5f63695f6c6173745f726567656e65726174657c693a313438343938343034303b),
('8svtsbs21akvgobbvv83992acs0k0ont', '127.0.0.1', 1484984600, 0x5f5f63695f6c6173745f726567656e65726174657c693a313438343938343335313b),
('346simfjl248etpu34feskjqrcnovmkk', '127.0.0.1', 1484984710, 0x5f5f63695f6c6173745f726567656e65726174657c693a313438343938343636363b),
('p3rv20vi9s1arc76tmq2slf4sqnld9j0', '127.0.0.1', 1484994311, 0x5f5f63695f6c6173745f726567656e65726174657c693a313438343939343331313b),
('qlqke27uobb1bc93hc2bu0p520pruf83', '127.0.0.1', 1485156664, 0x5f5f63695f6c6173745f726567656e65726174657c693a313438353135363636343b),
('ucaip1n9sn75fd9p4355o4ljb4dbns0c', '127.0.0.1', 1485157353, 0x5f5f63695f6c6173745f726567656e65726174657c693a313438353135373038303b),
('hni59o4q0681ceo737el63vsf3amj3d8', '127.0.0.1', 1485157536, 0x5f5f63695f6c6173745f726567656e65726174657c693a313438353135373338343b),
('2ovsmu3b585a8fqg4gj81lhs2sbtbu7b', '127.0.0.1', 1485157902, 0x5f5f63695f6c6173745f726567656e65726174657c693a313438353135373638373b),
('ku0ketrlrmvltquesgl2vrp3ju0t1odm', '127.0.0.1', 1485157993, 0x5f5f63695f6c6173745f726567656e65726174657c693a313438353135373939333b),
('j7tkuhhskj3fk80ooup8kngva2s8epbu', '127.0.0.1', 1485158483, 0x5f5f63695f6c6173745f726567656e65726174657c693a313438353135383431373b),
('det1v9p37phddnake5rerc854ms0aqrs', '127.0.0.1', 1485158739, 0x5f5f63695f6c6173745f726567656e65726174657c693a313438353135383733393b),
('hjp5j5fjg1h8ub62iifshrpcrug80lve', '127.0.0.1', 1485159313, 0x5f5f63695f6c6173745f726567656e65726174657c693a313438353135393036393b),
('hd7ntltvo0g2dajuest0hdocq4d1p8fm', '127.0.0.1', 1485199926, 0x5f5f63695f6c6173745f726567656e65726174657c693a313438353139393932363b),
('sm5e7asb1suvma1gp40lik7ql66df5qm', '127.0.0.1', 1485247038, 0x5f5f63695f6c6173745f726567656e65726174657c693a313438353234373033383b),
('o69mciov148hha9ljk0pn89v5h0j2k4j', '127.0.0.1', 1485247501, 0x5f5f63695f6c6173745f726567656e65726174657c693a313438353234373335383b),
('g0ennvb4gutp7tne6jk57so42luq4ltp', '127.0.0.1', 1485250433, 0x5f5f63695f6c6173745f726567656e65726174657c693a313438353235303432353b636172745f636f6e74656e74737c613a333a7b733a31303a22636172745f746f74616c223b643a35303030303b733a31313a22746f74616c5f6974656d73223b643a313b733a33323a226563636263383765346235636532666532383330386664396632613762616633223b613a363a7b733a323a226964223b733a313a2233223b733a333a22717479223b643a313b733a353a227072696365223b643a35303030303b733a343a226e616d65223b733a343a22546f7069223b733a353a22726f776964223b733a33323a226563636263383765346235636532666532383330386664396632613762616633223b733a383a22737562746f74616c223b643a35303030303b7d7d),
('vkajl3d732u0es2j92gcfk0enj6mh8ji', '127.0.0.1', 1485251299, 0x5f5f63695f6c6173745f726567656e65726174657c693a313438353235313235333b636172745f636f6e74656e74737c613a333a7b733a31303a22636172745f746f74616c223b643a35303030303b733a31313a22746f74616c5f6974656d73223b643a313b733a33323a226563636263383765346235636532666532383330386664396632613762616633223b613a363a7b733a323a226964223b733a313a2233223b733a333a22717479223b643a313b733a353a227072696365223b643a35303030303b733a343a226e616d65223b733a343a22546f7069223b733a353a22726f776964223b733a33323a226563636263383765346235636532666532383330386664396632613762616633223b733a383a22737562746f74616c223b643a35303030303b7d7d),
('glrbcsr9ffff1kf60qiu5qtvc88av020', '127.0.0.1', 1485252248, 0x5f5f63695f6c6173745f726567656e65726174657c693a313438353235313937363b636172745f636f6e74656e74737c613a333a7b733a31303a22636172745f746f74616c223b643a35303030303b733a31313a22746f74616c5f6974656d73223b643a313b733a33323a226563636263383765346235636532666532383330386664396632613762616633223b613a363a7b733a323a226964223b733a313a2233223b733a333a22717479223b643a313b733a353a227072696365223b643a35303030303b733a343a226e616d65223b733a343a22546f7069223b733a353a22726f776964223b733a33323a226563636263383765346235636532666532383330386664396632613762616633223b733a383a22737562746f74616c223b643a35303030303b7d7d),
('70e8hhpnp6ic6p38kik1ing5igub5ss4', '127.0.0.1', 1485252279, 0x5f5f63695f6c6173745f726567656e65726174657c693a313438353235323237393b636172745f636f6e74656e74737c613a333a7b733a31303a22636172745f746f74616c223b643a35303030303b733a31313a22746f74616c5f6974656d73223b643a313b733a33323a226563636263383765346235636532666532383330386664396632613762616633223b613a363a7b733a323a226964223b733a313a2233223b733a333a22717479223b643a313b733a353a227072696365223b643a35303030303b733a343a226e616d65223b733a343a22546f7069223b733a353a22726f776964223b733a33323a226563636263383765346235636532666532383330386664396632613762616633223b733a383a22737562746f74616c223b643a35303030303b7d7d),
('bpk674vjmqfsm9jkhr9uc6vbhakr6aij', '127.0.0.1', 1485254929, 0x5f5f63695f6c6173745f726567656e65726174657c693a313438353235343738393b636172745f636f6e74656e74737c613a333a7b733a31303a22636172745f746f74616c223b643a35303030303b733a31313a22746f74616c5f6974656d73223b643a313b733a33323a226563636263383765346235636532666532383330386664396632613762616633223b613a363a7b733a323a226964223b733a313a2233223b733a333a22717479223b643a313b733a353a227072696365223b643a35303030303b733a343a226e616d65223b733a343a22546f7069223b733a353a22726f776964223b733a33323a226563636263383765346235636532666532383330386664396632613762616633223b733a383a22737562746f74616c223b643a35303030303b7d7d),
('mg8o991fkird5sjun36r033gva62dpfu', '127.0.0.1', 1485255415, 0x5f5f63695f6c6173745f726567656e65726174657c693a313438353235353138363b636172745f636f6e74656e74737c613a333a7b733a31303a22636172745f746f74616c223b643a35303030303b733a31313a22746f74616c5f6974656d73223b643a313b733a33323a226563636263383765346235636532666532383330386664396632613762616633223b613a363a7b733a323a226964223b733a313a2233223b733a333a22717479223b643a313b733a353a227072696365223b643a35303030303b733a343a226e616d65223b733a343a22546f7069223b733a353a22726f776964223b733a33323a226563636263383765346235636532666532383330386664396632613762616633223b733a383a22737562746f74616c223b643a35303030303b7d7d),
('8cprvbmi6qm851trcdu3hklao25nrabe', '127.0.0.1', 1485255818, 0x5f5f63695f6c6173745f726567656e65726174657c693a313438353235353532303b636172745f636f6e74656e74737c613a333a7b733a31303a22636172745f746f74616c223b643a35303030303b733a31313a22746f74616c5f6974656d73223b643a313b733a33323a226563636263383765346235636532666532383330386664396632613762616633223b613a363a7b733a323a226964223b733a313a2233223b733a333a22717479223b643a313b733a353a227072696365223b643a35303030303b733a343a226e616d65223b733a343a22546f7069223b733a353a22726f776964223b733a33323a226563636263383765346235636532666532383330386664396632613762616633223b733a383a22737562746f74616c223b643a35303030303b7d7d),
('vv8qbdhuki8r492o7a9pao84k8qr3fbp', '127.0.0.1', 1485255901, 0x5f5f63695f6c6173745f726567656e65726174657c693a313438353235353833343b636172745f636f6e74656e74737c613a343a7b733a31303a22636172745f746f74616c223b643a3132303030303b733a31313a22746f74616c5f6974656d73223b643a323b733a33323a226563636263383765346235636532666532383330386664396632613762616633223b613a363a7b733a323a226964223b733a313a2233223b733a333a22717479223b643a313b733a353a227072696365223b643a35303030303b733a343a226e616d65223b733a343a22546f7069223b733a353a22726f776964223b733a33323a226563636263383765346235636532666532383330386664396632613762616633223b733a383a22737562746f74616c223b643a35303030303b7d733a33323a223136373930393163356138383066616636666235653630383765623162326463223b613a363a7b733a323a226964223b733a313a2236223b733a333a22717479223b643a313b733a353a227072696365223b643a37303030303b733a343a226e616d65223b733a31323a22736570617475206d65726168223b733a353a22726f776964223b733a33323a223136373930393163356138383066616636666235653630383765623162326463223b733a383a22737562746f74616c223b643a37303030303b7d7d),
('2bsh7h2727j445ogp69iu188f28c62j1', '127.0.0.1', 1485256956, 0x5f5f63695f6c6173745f726567656e65726174657c693a313438353235363739313b),
('6s9i8men71kiebqfaidhe1gat19b56rj', '127.0.0.1', 1485277166, 0x5f5f63695f6c6173745f726567656e65726174657c693a313438353237373038373b),
('r0bcje3le3s6vrqem2g0jdqmuqp49imo', '127.0.0.1', 1485277315, 0x5f5f63695f6c6173745f726567656e65726174657c693a313438353237373331353b),
('8hqau4l0o7d64d597iums5f4qmkglsqi', '127.0.0.1', 1485278027, 0x5f5f63695f6c6173745f726567656e65726174657c693a313438353237383032373b),
('28juhlvrv4uvnebkhdhpjct7ck0olsuu', '127.0.0.1', 1485278902, 0x5f5f63695f6c6173745f726567656e65726174657c693a313438353237383733393b),
('ktsm4orca3amuj375jne60lo2eqcfa0m', '127.0.0.1', 1485417521, 0x5f5f63695f6c6173745f726567656e65726174657c693a313438353431373430383b),
('ejbqr0vdc3ok1ug2oin13k95deqc809n', '127.0.0.1', 1485417835, 0x5f5f63695f6c6173745f726567656e65726174657c693a313438353431373831393b636172745f636f6e74656e74737c613a333a7b733a31303a22636172745f746f74616c223b643a37303030303b733a31313a22746f74616c5f6974656d73223b643a313b733a33323a223136373930393163356138383066616636666235653630383765623162326463223b613a363a7b733a323a226964223b733a313a2236223b733a333a22717479223b643a313b733a353a227072696365223b643a37303030303b733a343a226e616d65223b733a31323a22736570617475206d65726168223b733a353a22726f776964223b733a33323a223136373930393163356138383066616636666235653630383765623162326463223b733a383a22737562746f74616c223b643a37303030303b7d7d),
('6ohtid00892ee9kdmm3tnpqp69dv24du', '127.0.0.1', 1485417819, 0x5f5f63695f6c6173745f726567656e65726174657c693a313438353431373831393b),
('14qea6st33kh42sk5ouaop9gtp7p11u6', '127.0.0.1', 1485497211, 0x5f5f63695f6c6173745f726567656e65726174657c693a313438353439373038353b),
('k2il931crdkk3sl5qdtstefc33hr0srn', '127.0.0.1', 1485499355, 0x5f5f63695f6c6173745f726567656e65726174657c693a313438353439393232313b),
('i3fpofsib81bda0udeh1k5mtlg77tqdk', '127.0.0.1', 1485499611, 0x5f5f63695f6c6173745f726567656e65726174657c693a313438353439393631313b),
('faro6i47oi7mqqmgo9uflu0fdiun577m', '127.0.0.1', 1485500538, 0x5f5f63695f6c6173745f726567656e65726174657c693a313438353530303430343b),
('u22qnp04kd5qolu6bgatgdm3mid1d2tl', '127.0.0.1', 1485503680, 0x5f5f63695f6c6173745f726567656e65726174657c693a313438353530333339353b),
('4anbbj3onqqj2eqsm431ms7cgjpk7iod', '127.0.0.1', 1485504018, 0x5f5f63695f6c6173745f726567656e65726174657c693a313438353530343031383b),
('gd3d47vgq6nvh81ivf613gvqer11rfse', '127.0.0.1', 1485504621, 0x5f5f63695f6c6173745f726567656e65726174657c693a313438353530343534313b6572726f727c733a32333a2257726f6e6720557365726e616d652f50617373776f7264223b5f5f63695f766172737c613a313a7b733a353a226572726f72223b733a333a226f6c64223b7d),
('r92q9ja8qnvgurv33p6su3okosvl6kcf', '127.0.0.1', 1485505803, 0x5f5f63695f6c6173745f726567656e65726174657c693a313438353530353531393b757365726e616d657c733a353a2261646d696e223b67726f7570737c4e3b70617373776f72647c733a353a2261646d696e223b),
('3b368it2e3fqldg5kkvkk5h8r1khbbh5', '127.0.0.1', 1485506098, 0x5f5f63695f6c6173745f726567656e65726174657c693a313438353530353839323b757365726e616d657c733a353a2261646d696e223b67726f7570737c4e3b70617373776f72647c733a353a2261646d696e223b),
('plc7hhdlvtuhc8irtfb9b7706u3rfe9n', '127.0.0.1', 1485508624, 0x5f5f63695f6c6173745f726567656e65726174657c693a313438353530383332343b),
('9sfkndolps17ppplr8cdp5fcqf40aluh', '127.0.0.1', 1485509018, 0x5f5f63695f6c6173745f726567656e65726174657c693a313438353530383834333b757365726e616d657c733a353a2261646d696e223b67726f7570737c4e3b70617373776f72647c733a353a2261646d696e223b6572726f727c733a32333a22536f72727920796f75206e6f74206c6f6767656420696e223b5f5f63695f766172737c613a313a7b733a353a226572726f72223b733a333a226f6c64223b7d),
('ikdl54tkbqs86qlivn6ghoic4f605a4j', '127.0.0.1', 1485509328, 0x5f5f63695f6c6173745f726567656e65726174657c693a313438353530393332303b6572726f727c733a32333a2257726f6e6720557365726e616d652f50617373776f7264223b5f5f63695f766172737c613a313a7b733a353a226572726f72223b733a333a226f6c64223b7d),
('qingajptctdgb61harbl6r3djulpvt5m', '127.0.0.1', 1485513753, 0x5f5f63695f6c6173745f726567656e65726174657c693a313438353531333632373b757365726e616d657c733a353a2261646d696e223b67726f7570737c4e3b70617373776f72647c733a353a2261646d696e223b6572726f727c733a32333a22536f72727920796f75206e6f74206c6f6767656420696e223b5f5f63695f766172737c613a313a7b733a353a226572726f72223b733a333a226f6c64223b7d),
('bh2tqigjgmroj7pdjp8qm51gtgdqm3cv', '127.0.0.1', 1485514151, 0x5f5f63695f6c6173745f726567656e65726174657c693a313438353531343130363b757365726e616d657c733a353a2261646d696e223b67726f7570737c4e3b70617373776f72647c733a353a2261646d696e223b67726f75707c4e3b),
('ijbfh6rfiuu7p28klkkb7j34h7h0f6n2', '127.0.0.1', 1485514698, 0x5f5f63695f6c6173745f726567656e65726174657c693a313438353531343539343b757365726e616d657c733a333a22626f62223b67726f7570737c733a313a2231223b70617373776f72647c733a353a2261646d696e223b67726f75707c4e3b),
('esesf3657fu0v0d55ad2uga6ov0mlor8', '127.0.0.1', 1485515359, 0x5f5f63695f6c6173745f726567656e65726174657c693a313438353531353135393b536f7272792c20796f7520617265206e6f74206c6f6767656420696e7c4e3b757365726e616d657c733a353a2261646d696e223b67726f75707c4e3b),
('n8u7h9i8uadne1flfqg5klit1bmegfce', '127.0.0.1', 1485515532, 0x5f5f63695f6c6173745f726567656e65726174657c693a313438353531353532353b6572726f727c733a32383a22536f7272792c20796f7520617265206e6f74206c6f6767656420696e223b5f5f63695f766172737c613a313a7b733a353a226572726f72223b733a333a226f6c64223b7d),
('hlnr53r579urt3t8g6a1t4hoapi8e076', '127.0.0.1', 1485516002, 0x5f5f63695f6c6173745f726567656e65726174657c693a313438353531363030303b),
('48no8lkj63q1278bn5vclmo2m2hsebej', '127.0.0.1', 1485532296, 0x5f5f63695f6c6173745f726567656e65726174657c693a313438353533323239363b),
('6mhi4omoho3lgpvvv50e1osid1kr5rck', '127.0.0.1', 1485532574, 0x5f5f63695f6c6173745f726567656e65726174657c693a313438353533323537343b),
('if44mgktr67aum1n1j3q8nca3o5plri4', '127.0.0.1', 1485618164, 0x5f5f63695f6c6173745f726567656e65726174657c693a313438353631383136343b),
('fqtjr0e9fg5s5qhjj3qnbioo2easiqrl', '127.0.0.1', 1485618515, 0x5f5f63695f6c6173745f726567656e65726174657c693a313438353631383531353b),
('5udj27d9sruklc851pc0k2hu6p00m33q', '127.0.0.1', 1485619102, 0x5f5f63695f6c6173745f726567656e65726174657c693a313438353631383832353b636172745f636f6e74656e74737c613a343a7b733a31303a22636172745f746f74616c223b643a3130303030303b733a31313a22746f74616c5f6974656d73223b643a323b733a33323a226534646133623766626263653233343564373737326230363734613331386435223b613a363a7b733a323a226964223b733a313a2235223b733a333a22717479223b643a313b733a353a227072696365223b643a34303030303b733a343a226e616d65223b733a373a2253656e64616c20223b733a353a22726f776964223b733a33323a226534646133623766626263653233343564373737326230363734613331386435223b733a383a22737562746f74616c223b643a34303030303b7d733a33323a223866313465343566636565613136376135613336646564643462656132353433223b613a363a7b733a323a226964223b733a313a2237223b733a333a22717479223b643a313b733a353a227072696365223b643a36303030303b733a343a226e616d65223b733a31353a2242616a75204b6f6b6f204172656d61223b733a353a22726f776964223b733a33323a223866313465343566636565613136376135613336646564643462656132353433223b733a383a22737562746f74616c223b643a36303030303b7d7d),
('5b0rmbb2fbo7qcehdgrlbtvivqv570f6', '127.0.0.1', 1485619167, 0x5f5f63695f6c6173745f726567656e65726174657c693a313438353631393136373b636172745f636f6e74656e74737c613a343a7b733a31303a22636172745f746f74616c223b643a3130303030303b733a31313a22746f74616c5f6974656d73223b643a323b733a33323a226534646133623766626263653233343564373737326230363734613331386435223b613a363a7b733a323a226964223b733a313a2235223b733a333a22717479223b643a313b733a353a227072696365223b643a34303030303b733a343a226e616d65223b733a373a2253656e64616c20223b733a353a22726f776964223b733a33323a226534646133623766626263653233343564373737326230363734613331386435223b733a383a22737562746f74616c223b643a34303030303b7d733a33323a223866313465343566636565613136376135613336646564643462656132353433223b613a363a7b733a323a226964223b733a313a2237223b733a333a22717479223b643a313b733a353a227072696365223b643a36303030303b733a343a226e616d65223b733a31353a2242616a75204b6f6b6f204172656d61223b733a353a22726f776964223b733a33323a223866313465343566636565613136376135613336646564643462656132353433223b733a383a22737562746f74616c223b643a36303030303b7d7d6572726f727c733a32383a22536f7272792c20796f7520617265206e6f74206c6f6767656420696e223b5f5f63695f766172737c613a313a7b733a353a226572726f72223b733a333a226f6c64223b7d),
('blrst0ulm09f2gentu5ct7nhmr07ddvg', '127.0.0.1', 1485620262, 0x5f5f63695f6c6173745f726567656e65726174657c693a313438353632303236323b636172745f636f6e74656e74737c613a343a7b733a31303a22636172745f746f74616c223b643a3130303030303b733a31313a22746f74616c5f6974656d73223b643a323b733a33323a226534646133623766626263653233343564373737326230363734613331386435223b613a363a7b733a323a226964223b733a313a2235223b733a333a22717479223b643a313b733a353a227072696365223b643a34303030303b733a343a226e616d65223b733a373a2253656e64616c20223b733a353a22726f776964223b733a33323a226534646133623766626263653233343564373737326230363734613331386435223b733a383a22737562746f74616c223b643a34303030303b7d733a33323a223866313465343566636565613136376135613336646564643462656132353433223b613a363a7b733a323a226964223b733a313a2237223b733a333a22717479223b643a313b733a353a227072696365223b643a36303030303b733a343a226e616d65223b733a31353a2242616a75204b6f6b6f204172656d61223b733a353a22726f776964223b733a33323a223866313465343566636565613136376135613336646564643462656132353433223b733a383a22737562746f74616c223b643a36303030303b7d7d),
('6stfar90ogboepbrm4fgq3vckbgpkvgk', '127.0.0.1', 1485621161, 0x5f5f63695f6c6173745f726567656e65726174657c693a313438353632313136313b636172745f636f6e74656e74737c613a343a7b733a31303a22636172745f746f74616c223b643a3130303030303b733a31313a22746f74616c5f6974656d73223b643a323b733a33323a226534646133623766626263653233343564373737326230363734613331386435223b613a363a7b733a323a226964223b733a313a2235223b733a333a22717479223b643a313b733a353a227072696365223b643a34303030303b733a343a226e616d65223b733a373a2253656e64616c20223b733a353a22726f776964223b733a33323a226534646133623766626263653233343564373737326230363734613331386435223b733a383a22737562746f74616c223b643a34303030303b7d733a33323a223866313465343566636565613136376135613336646564643462656132353433223b613a363a7b733a323a226964223b733a313a2237223b733a333a22717479223b643a313b733a353a227072696365223b643a36303030303b733a343a226e616d65223b733a31353a2242616a75204b6f6b6f204172656d61223b733a353a22726f776964223b733a33323a223866313465343566636565613136376135613336646564643462656132353433223b733a383a22737562746f74616c223b643a36303030303b7d7d),
('ms73es91v6bc2v9acnj0iu8n9gr9r831', '127.0.0.1', 1485655615, 0x5f5f63695f6c6173745f726567656e65726174657c693a313438353635353631353b),
('ejs4poe7iisgq9bqaqe36a88mmu9fv3l', '127.0.0.1', 1485939819, 0x5f5f63695f6c6173745f726567656e65726174657c693a313438353933393831393b),
('3q0g7kgsdco9m2g5hrodlpe0hfppdhhp', '127.0.0.1', 1485946423, 0x5f5f63695f6c6173745f726567656e65726174657c693a313438353934363432333b),
('ngnkivhmjfjp350eqpqp891mfsdn6ao5', '127.0.0.1', 1485947223, 0x5f5f63695f6c6173745f726567656e65726174657c693a313438353934373230353b636172745f636f6e74656e74737c613a333a7b733a31303a22636172745f746f74616c223b643a38303030303b733a31313a22746f74616c5f6974656d73223b643a323b733a33323a226534646133623766626263653233343564373737326230363734613331386435223b613a363a7b733a323a226964223b733a313a2235223b733a333a22717479223b643a323b733a353a227072696365223b643a34303030303b733a343a226e616d65223b733a373a2253656e64616c20223b733a353a22726f776964223b733a33323a226534646133623766626263653233343564373737326230363734613331386435223b733a383a22737562746f74616c223b643a38303030303b7d7d),
('6clvg5i3cg8uhu9ij25v38lnbui5p3f2', '127.0.0.1', 1485948256, 0x5f5f63695f6c6173745f726567656e65726174657c693a313438353934383235363b),
('id3idc5ff4dbki96jd3j5qtp9pfj7d79', '127.0.0.1', 1486036452, 0x5f5f63695f6c6173745f726567656e65726174657c693a313438363033363435323b),
('i9a0ef2be6u0brc7cemr89jk1rbrv4tu', '127.0.0.1', 1486043044, 0x5f5f63695f6c6173745f726567656e65726174657c693a313438363034333034343b),
('eq6il769ntd4g6p7jc51sal8vrfecnuk', '127.0.0.1', 1486049710, 0x5f5f63695f6c6173745f726567656e65726174657c693a313438363034393534373b),
('avjhsjsv9j8kos2lirqbf4bv8o5osbqt', '127.0.0.1', 1486050204, 0x5f5f63695f6c6173745f726567656e65726174657c693a313438363034393930373b),
('ekfmdi1527h16g2btu9klqg9b4gfe22q', '127.0.0.1', 1486050372, 0x5f5f63695f6c6173745f726567656e65726174657c693a313438363035303236303b),
('r6irhv2epfff81mbbp9ju21ngv5s0lau', '127.0.0.1', 1486051113, 0x5f5f63695f6c6173745f726567656e65726174657c693a313438363035303836333b),
('j2uajhii8fvcfe206ot1vns4l0qrjca2', '127.0.0.1', 1486051804, 0x5f5f63695f6c6173745f726567656e65726174657c693a313438363035313631303b),
('1bcpr81kink3pbctl0c0u5k5rvtsk265', '127.0.0.1', 1486104073, 0x5f5f63695f6c6173745f726567656e65726174657c693a313438363130343037333b),
('8ghotbn92ri5h752opdifpbbtu76f7bf', '127.0.0.1', 1486104329, 0x5f5f63695f6c6173745f726567656e65726174657c693a313438363130343332393b),
('eko6nc6arqqijvnajvd47pagbfo8kft6', '127.0.0.1', 1486123729, 0x5f5f63695f6c6173745f726567656e65726174657c693a313438363132333732393b),
('0u8icb2jb87100ka3g2p8t45gfo406td', '127.0.0.1', 1486709523, 0x5f5f63695f6c6173745f726567656e65726174657c693a313438363730393532333b),
('11egmnjsg383duaqd4e1bsh15tm7oc1q', '127.0.0.1', 1486976222, 0x5f5f63695f6c6173745f726567656e65726174657c693a313438363937363232323b),
('74ilkdm12vf3r3fh0mojrk8qlhdovnp9', '127.0.0.1', 1486977058, 0x5f5f63695f6c6173745f726567656e65726174657c693a313438363937373035383b),
('4827qfsa06700729alfv0v5ji4tm98q1', '127.0.0.1', 1486992269, 0x5f5f63695f6c6173745f726567656e65726174657c693a313438363939323236383b),
('6b3oaev8tmg1b6cmo1ekp1es38phrtnl', '127.0.0.1', 1487060551, 0x5f5f63695f6c6173745f726567656e65726174657c693a313438373036303535313b),
('84753uc89mrgbaimcok6fb75d9u59ev8', '127.0.0.1', 1487064254, 0x5f5f63695f6c6173745f726567656e65726174657c693a313438373036333939373b636172745f636f6e74656e74737c613a343a7b733a31303a22636172745f746f74616c223b643a3132303030303b733a31313a22746f74616c5f6974656d73223b643a323b733a33323a226334636134323338613062393233383230646363353039613666373538343962223b613a363a7b733a323a226964223b733a313a2231223b733a333a22717479223b643a313b733a353a227072696365223b643a35303030303b733a343a226e616d65223b733a31313a2262616a75206b6f6b6f2031223b733a353a22726f776964223b733a33323a226334636134323338613062393233383230646363353039613666373538343962223b733a383a22737562746f74616c223b643a35303030303b7d733a33323a223136373930393163356138383066616636666235653630383765623162326463223b613a363a7b733a323a226964223b733a313a2236223b733a333a22717479223b643a313b733a353a227072696365223b643a37303030303b733a343a226e616d65223b733a31323a22736570617475206d65726168223b733a353a22726f776964223b733a33323a223136373930393163356138383066616636666235653630383765623162326463223b733a383a22737562746f74616c223b643a37303030303b7d7d),
('j4981m446sq8ladpf2q844gkpuqupsj9', '127.0.0.1', 1487064517, 0x5f5f63695f6c6173745f726567656e65726174657c693a313438373036343530313b636172745f636f6e74656e74737c613a343a7b733a31303a22636172745f746f74616c223b643a3132303030303b733a31313a22746f74616c5f6974656d73223b643a323b733a33323a226334636134323338613062393233383230646363353039613666373538343962223b613a363a7b733a323a226964223b733a313a2231223b733a333a22717479223b643a313b733a353a227072696365223b643a35303030303b733a343a226e616d65223b733a31313a2262616a75206b6f6b6f2031223b733a353a22726f776964223b733a33323a226334636134323338613062393233383230646363353039613666373538343962223b733a383a22737562746f74616c223b643a35303030303b7d733a33323a223136373930393163356138383066616636666235653630383765623162326463223b613a363a7b733a323a226964223b733a313a2236223b733a333a22717479223b643a313b733a353a227072696365223b643a37303030303b733a343a226e616d65223b733a31323a22736570617475206d65726168223b733a353a22726f776964223b733a33323a223136373930393163356138383066616636666235653630383765623162326463223b733a383a22737562746f74616c223b643a37303030303b7d7d757365726e616d657c733a333a22626f62223b67726f7570737c733a313a2231223b),
('q4mtn2m4fb1n968g6chs6n08b01d93mu', '127.0.0.1', 1487065009, 0x5f5f63695f6c6173745f726567656e65726174657c693a313438373036343835373b757365726e616d657c733a333a22626f62223b67726f7570737c733a313a2231223b),
('7sesbvddckarr01eefuvmlrlvdi14cqq', '127.0.0.1', 1487065404, 0x5f5f63695f6c6173745f726567656e65726174657c693a313438373036353334313b757365726e616d657c733a333a22626f62223b67726f7570737c733a313a2231223b),
('332r9cp144f5d1vier61mj6thogio9mf', '127.0.0.1', 1487066042, 0x5f5f63695f6c6173745f726567656e65726174657c693a313438373036363033373b757365726e616d657c733a333a22626f62223b67726f7570737c733a313a2231223b),
('61lb033skva8sa5n8121rqvsvsb2o428', '127.0.0.1', 1487066497, 0x5f5f63695f6c6173745f726567656e65726174657c693a313438373036363430393b757365726e616d657c733a333a22626f62223b67726f7570737c733a313a2231223b),
('ioapjgdpq43adsbptdmsc6k1jnhgcaoe', '127.0.0.1', 1488255175, 0x5f5f63695f6c6173745f726567656e65726174657c693a313438383235353137353b),
('oaj0g08v6j73ehpomjskr27265pihmuv', '127.0.0.1', 1488256087, 0x5f5f63695f6c6173745f726567656e65726174657c693a313438383235363037323b757365726e616d657c733a353a2261646d696e223b67726f7570737c733a313a2231223b),
('oliv55tgiaj5c4corgfdlce4cre3u5jo', '127.0.0.1', 1488256613, 0x5f5f63695f6c6173745f726567656e65726174657c693a313438383235363631323b757365726e616d657c733a353a2261646d696e223b67726f7570737c733a313a2231223b),
('ihd1tvgdkii6k9i9tc52pcb8ehv94a1k', '127.0.0.1', 1488259810, 0x5f5f63695f6c6173745f726567656e65726174657c693a313438383235393534353b757365726e616d657c733a353a2261646d696e223b67726f7570737c733a313a2231223b),
('c67q1smg1ai705jfdgqlv7mo29bvdbem', '127.0.0.1', 1488260141, 0x5f5f63695f6c6173745f726567656e65726174657c693a313438383235393837343b757365726e616d657c733a353a2261646d696e223b67726f7570737c733a313a2231223b),
('b20o4q0ftd2kbui75cc6h0m09hbj2bhe', '127.0.0.1', 1488260701, 0x5f5f63695f6c6173745f726567656e65726174657c693a313438383236303435313b757365726e616d657c733a353a2261646d696e223b67726f7570737c733a313a2231223b),
('nicvaeu0soahfpb28crkh3vbmed5f4it', '127.0.0.1', 1488261207, 0x5f5f63695f6c6173745f726567656e65726174657c693a313438383236313137333b757365726e616d657c733a353a2261646d696e223b67726f7570737c733a313a2231223b),
('9evjcvkjhtbi7d8ap8vdph6da4tpjkh9', '127.0.0.1', 1488262729, 0x5f5f63695f6c6173745f726567656e65726174657c693a313438383236323539303b757365726e616d657c733a353a2261646d696e223b67726f7570737c733a313a2231223b),
('p90u12gklu445fqk9i820nkp2bdnjpln', '127.0.0.1', 1488263555, 0x5f5f63695f6c6173745f726567656e65726174657c693a313438383236333235353b757365726e616d657c733a353a2261646d696e223b67726f7570737c733a313a2231223b),
('jl8r6f9o8h9dq0mnt4aa8e5gnhjl1uej', '127.0.0.1', 1488263892, 0x5f5f63695f6c6173745f726567656e65726174657c693a313438383236333633383b757365726e616d657c733a353a2261646d696e223b67726f7570737c733a313a2231223b),
('i7t7uhs7h7454g9ftqse9jcptotbq9m4', '127.0.0.1', 1488264006, 0x5f5f63695f6c6173745f726567656e65726174657c693a313438383236343030363b757365726e616d657c733a353a2261646d696e223b67726f7570737c733a313a2231223b),
('af3pihj1tt0bon8vnb55c875na8kici0', '127.0.0.1', 1488265403, 0x5f5f63695f6c6173745f726567656e65726174657c693a313438383236353336363b757365726e616d657c733a353a2261646d696e223b67726f7570737c733a313a2231223b636172745f636f6e74656e74737c613a333a7b733a31303a22636172745f746f74616c223b643a37303030303b733a31313a22746f74616c5f6974656d73223b643a313b733a33323a223136373930393163356138383066616636666235653630383765623162326463223b613a363a7b733a323a226964223b733a313a2236223b733a333a22717479223b643a313b733a353a227072696365223b643a37303030303b733a343a226e616d65223b733a31323a22736570617475206d65726168223b733a353a22726f776964223b733a33323a223136373930393163356138383066616636666235653630383765623162326463223b733a383a22737562746f74616c223b643a37303030303b7d7d),
('tr7a13eonpasca3phlru47p81mlgmc81', '127.0.0.1', 1488266652, 0x5f5f63695f6c6173745f726567656e65726174657c693a313438383236363339313b757365726e616d657c733a353a2261646d696e223b67726f7570737c733a313a2231223b636172745f636f6e74656e74737c613a333a7b733a31303a22636172745f746f74616c223b643a37303030303b733a31313a22746f74616c5f6974656d73223b643a313b733a33323a223136373930393163356138383066616636666235653630383765623162326463223b613a363a7b733a323a226964223b733a313a2236223b733a333a22717479223b643a313b733a353a227072696365223b643a37303030303b733a343a226e616d65223b733a31323a22736570617475206d65726168223b733a353a22726f776964223b733a33323a223136373930393163356138383066616636666235653630383765623162326463223b733a383a22737562746f74616c223b643a37303030303b7d7d),
('8fkpvremlvh7tghu5qed7q28ad60baro', '127.0.0.1', 1488266802, 0x5f5f63695f6c6173745f726567656e65726174657c693a313438383236363737383b757365726e616d657c733a353a2261646d696e223b67726f7570737c733a313a2231223b636172745f636f6e74656e74737c613a333a7b733a31303a22636172745f746f74616c223b643a37303030303b733a31313a22746f74616c5f6974656d73223b643a313b733a33323a223136373930393163356138383066616636666235653630383765623162326463223b613a363a7b733a323a226964223b733a313a2236223b733a333a22717479223b643a313b733a353a227072696365223b643a37303030303b733a343a226e616d65223b733a31323a22736570617475206d65726168223b733a353a22726f776964223b733a33323a223136373930393163356138383066616636666235653630383765623162326463223b733a383a22737562746f74616c223b643a37303030303b7d7d),
('i2uu5ce31at2ah22b14emamg8gmqij1g', '127.0.0.1', 1488267302, 0x5f5f63695f6c6173745f726567656e65726174657c693a313438383236373236333b757365726e616d657c733a353a2261646d696e223b67726f7570737c733a313a2231223b636172745f636f6e74656e74737c613a333a7b733a31303a22636172745f746f74616c223b643a37303030303b733a31313a22746f74616c5f6974656d73223b643a313b733a33323a223136373930393163356138383066616636666235653630383765623162326463223b613a363a7b733a323a226964223b733a313a2236223b733a333a22717479223b643a313b733a353a227072696365223b643a37303030303b733a343a226e616d65223b733a31323a22736570617475206d65726168223b733a353a22726f776964223b733a33323a223136373930393163356138383066616636666235653630383765623162326463223b733a383a22737562746f74616c223b643a37303030303b7d7d),
('u1qcvlh2vg1k72n6p25v7n6vos6hhn4c', '127.0.0.1', 1488267861, 0x5f5f63695f6c6173745f726567656e65726174657c693a313438383236373538343b757365726e616d657c733a353a2261646d696e223b67726f7570737c733a313a2231223b636172745f636f6e74656e74737c613a333a7b733a31303a22636172745f746f74616c223b643a34303030303b733a31313a22746f74616c5f6974656d73223b643a313b733a33323a226534646133623766626263653233343564373737326230363734613331386435223b613a363a7b733a323a226964223b733a313a2235223b733a333a22717479223b643a313b733a353a227072696365223b643a34303030303b733a343a226e616d65223b733a373a2253656e64616c20223b733a353a22726f776964223b733a33323a226534646133623766626263653233343564373737326230363734613331386435223b733a383a22737562746f74616c223b643a34303030303b7d7d),
('qkdn2cbpva2dvfukgpop2uo0n1lmppcm', '127.0.0.1', 1488281279, 0x5f5f63695f6c6173745f726567656e65726174657c693a313438383238313237393b),
('ef556m5pvnhfnsa0qv91t45428si331c', '127.0.0.1', 1488346445, 0x5f5f63695f6c6173745f726567656e65726174657c693a313438383334363433373b),
('o32q2uot03rk89pgvlj8ljv903a3pna0', '127.0.0.1', 1488385227, 0x5f5f63695f6c6173745f726567656e65726174657c693a313438383338353232373b),
('8mpuett287vjooruqfepoup9rth25124', '127.0.0.1', 1488385694, 0x5f5f63695f6c6173745f726567656e65726174657c693a313438383338353533333b),
('kvpf838b2uhaot95m7mqdg0i85n53t56', '127.0.0.1', 1488388182, 0x5f5f63695f6c6173745f726567656e65726174657c693a313438383338383138323b),
('aq0l32spso4rdp7k6ngq50gemuv80pgc', '127.0.0.1', 1488388502, 0x5f5f63695f6c6173745f726567656e65726174657c693a313438383338383230333b757365726e616d657c733a353a2261646d696e223b67726f7570737c733a313a2231223b),
('otvktt5r3551rqcdf5g36gfgr3gjdfat', '127.0.0.1', 1488388528, 0x5f5f63695f6c6173745f726567656e65726174657c693a313438383338383530343b757365726e616d657c733a353a2261646d696e223b67726f7570737c733a313a2231223b),
('87736megr9sr8r34tg61h8mntph1pe82', '127.0.0.1', 1488390096, 0x5f5f63695f6c6173745f726567656e65726174657c693a313438383339303039363b757365726e616d657c733a353a2261646d696e223b67726f7570737c733a313a2231223b),
('nkhd3p1ddvf5c01kn8cn7uhee05lh9hl', '127.0.0.1', 1488390434, 0x5f5f63695f6c6173745f726567656e65726174657c693a313438383339303432343b757365726e616d657c733a353a2261646d696e223b67726f7570737c733a313a2231223b),
('vli94d1oonr98otvqegqcbvhi7bb4m8q', '127.0.0.1', 1488390991, 0x5f5f63695f6c6173745f726567656e65726174657c693a313438383339303937313b757365726e616d657c733a353a2261646d696e223b67726f7570737c733a313a2231223b),
('tbcpib08he3oo63ltprv3luejpf5h1jt', '127.0.0.1', 1488391760, 0x5f5f63695f6c6173745f726567656e65726174657c693a313438383339313639303b757365726e616d657c733a353a2261646d696e223b67726f7570737c733a313a2231223b),
('bq4r7ecuv7rmulnqqhdb8refuaisupd9', '127.0.0.1', 1488425981, 0x5f5f63695f6c6173745f726567656e65726174657c693a313438383432353931333b757365726e616d657c733a333a22626f62223b67726f7570737c733a313a2231223b),
('lvab36furtj66mgg61flsmd65ksedt5u', '127.0.0.1', 1488428974, 0x5f5f63695f6c6173745f726567656e65726174657c693a313438383432383937343b757365726e616d657c733a333a22626f62223b67726f7570737c733a313a2231223b),
('r7jsfcv83uvjm12ouuiut74ghttn3tc8', '127.0.0.1', 1488430123, 0x5f5f63695f6c6173745f726567656e65726174657c693a313438383432393833373b757365726e616d657c733a333a22626f62223b67726f7570737c733a313a2231223b),
('kpr24855u7smr6jh0vourkr9rdameh9l', '127.0.0.1', 1488430313, 0x5f5f63695f6c6173745f726567656e65726174657c693a313438383433303133383b757365726e616d657c733a333a22626f62223b67726f7570737c733a313a2231223b),
('h09kg55rd5l6gbplmvsh7jcqjs0e271e', '127.0.0.1', 1488431589, 0x5f5f63695f6c6173745f726567656e65726174657c693a313438383433313538373b757365726e616d657c733a333a22626f62223b67726f7570737c733a313a2231223b),
('gl3nqkbtsl92qfjrloj39kojv2kr6js4', '127.0.0.1', 1488433346, 0x5f5f63695f6c6173745f726567656e65726174657c693a313438383433333035333b757365726e616d657c733a333a22626f62223b67726f7570737c733a313a2231223b6572726f727c733a34343a2257726f6e6720616d6f756e74206f6620696e766f6963652049442c20706c656173652074727920616761696e223b5f5f63695f766172737c613a313a7b733a353a226572726f72223b733a333a226f6c64223b7d),
('2479uv2kmro6atsab2bh1upj9ikbn4fc', '127.0.0.1', 1488433646, 0x5f5f63695f6c6173745f726567656e65726174657c693a313438383433333335343b757365726e616d657c733a333a22626f62223b67726f7570737c733a313a2231223b),
('ci3lskfp6l5qsq07jtdd30qoeantuu0m', '127.0.0.1', 1488433788, 0x5f5f63695f6c6173745f726567656e65726174657c693a313438383433333635373b757365726e616d657c733a333a22626f62223b67726f7570737c733a313a2231223b6d6573736167657c733a34353a225468616e6b732057652057696c6c20636865636b20796f757220706179656e7420636f6e6669726d6174696f6e223b5f5f63695f766172737c613a313a7b733a373a226d657373616765223b733a333a226f6c64223b7d),
('f7ev89u4lb6p4sdna71hh2t3tld6bpdc', '127.0.0.1', 1488434226, 0x5f5f63695f6c6173745f726567656e65726174657c693a313438383433343034353b757365726e616d657c733a333a22626f62223b67726f7570737c733a313a2231223b6d6573736167657c733a34353a225468616e6b732057652057696c6c20636865636b20796f757220706179656e7420636f6e6669726d6174696f6e223b5f5f63695f766172737c613a313a7b733a373a226d657373616765223b733a333a226f6c64223b7d),
('6amadmebl34a09lpdocmdfid7ilq35en', '127.0.0.1', 1488434420, 0x5f5f63695f6c6173745f726567656e65726174657c693a313438383433343338313b757365726e616d657c733a333a22626f62223b67726f7570737c733a313a2231223b),
('ef67vgnp0i0j99slmno8tl6th1fmco9u', '127.0.0.1', 1488570754, 0x5f5f63695f6c6173745f726567656e65726174657c693a313438383537303735343b),
('sn29g2viq63q49mddfcn2sk2nv16jh2m', '127.0.0.1', 1489644471, 0x5f5f63695f6c6173745f726567656e65726174657c693a313438393634343436303b636172745f636f6e74656e74737c613a343a7b733a31303a22636172745f746f74616c223b643a3131303030303b733a31313a22746f74616c5f6974656d73223b643a323b733a33323a226534646133623766626263653233343564373737326230363734613331386435223b613a363a7b733a323a226964223b733a313a2235223b733a333a22717479223b643a313b733a353a227072696365223b643a34303030303b733a343a226e616d65223b733a373a2253656e64616c20223b733a353a22726f776964223b733a33323a226534646133623766626263653233343564373737326230363734613331386435223b733a383a22737562746f74616c223b643a34303030303b7d733a33323a223136373930393163356138383066616636666235653630383765623162326463223b613a363a7b733a323a226964223b733a313a2236223b733a333a22717479223b643a313b733a353a227072696365223b643a37303030303b733a343a226e616d65223b733a31323a22736570617475206d65726168223b733a353a22726f776964223b733a33323a223136373930393163356138383066616636666235653630383765623162326463223b733a383a22737562746f74616c223b643a37303030303b7d7d),
('fn0u5hdjfv2qa73dg4l0n5km2emr3feu', '127.0.0.1', 1490013839, 0x5f5f63695f6c6173745f726567656e65726174657c693a313439303031333833393b),
('riime1pupkg4h4gi6om35lgutg5p7c65', '127.0.0.1', 1490080276, 0x5f5f63695f6c6173745f726567656e65726174657c693a313439303038303235383b636172745f636f6e74656e74737c613a343a7b733a31303a22636172745f746f74616c223b643a3131303030303b733a31313a22746f74616c5f6974656d73223b643a323b733a33323a226534646133623766626263653233343564373737326230363734613331386435223b613a363a7b733a323a226964223b733a313a2235223b733a333a22717479223b643a313b733a353a227072696365223b643a34303030303b733a343a226e616d65223b733a373a2253656e64616c20223b733a353a22726f776964223b733a33323a226534646133623766626263653233343564373737326230363734613331386435223b733a383a22737562746f74616c223b643a34303030303b7d733a33323a223136373930393163356138383066616636666235653630383765623162326463223b613a363a7b733a323a226964223b733a313a2236223b733a333a22717479223b643a313b733a353a227072696365223b643a37303030303b733a343a226e616d65223b733a31323a22736570617475206d65726168223b733a353a22726f776964223b733a33323a223136373930393163356138383066616636666235653630383765623162326463223b733a383a22737562746f74616c223b643a37303030303b7d7d),
('68kosdhjt1fonl91rqifc4kfvoskcfon', '127.0.0.1', 1490080747, 0x5f5f63695f6c6173745f726567656e65726174657c693a313439303038303730313b636172745f636f6e74656e74737c613a343a7b733a31303a22636172745f746f74616c223b643a3131303030303b733a31313a22746f74616c5f6974656d73223b643a323b733a33323a226534646133623766626263653233343564373737326230363734613331386435223b613a363a7b733a323a226964223b733a313a2235223b733a333a22717479223b643a313b733a353a227072696365223b643a34303030303b733a343a226e616d65223b733a373a2253656e64616c20223b733a353a22726f776964223b733a33323a226534646133623766626263653233343564373737326230363734613331386435223b733a383a22737562746f74616c223b643a34303030303b7d733a33323a223136373930393163356138383066616636666235653630383765623162326463223b613a363a7b733a323a226964223b733a313a2236223b733a333a22717479223b643a313b733a353a227072696365223b643a37303030303b733a343a226e616d65223b733a31323a22736570617475206d65726168223b733a353a22726f776964223b733a33323a223136373930393163356138383066616636666235653630383765623162326463223b733a383a22737562746f74616c223b643a37303030303b7d7d757365726e616d657c733a353a2261646d696e223b67726f7570737c733a313a2231223b),
('ghr0n4pg4r86jcl271eul6bmounm2om8', '127.0.0.1', 1490093243, 0x5f5f63695f6c6173745f726567656e65726174657c693a313439303039333234333b),
('d6nctdhfr262ubd57bqrilf1utkf017u', '127.0.0.1', 1490093249, 0x5f5f63695f6c6173745f726567656e65726174657c693a313439303039333234353b757365726e616d657c733a353a2261646d696e223b67726f7570737c733a313a2231223b),
('3djr4bb73g7hnsj4n2g2o7m71ba7ntk6', '127.0.0.1', 1493880511, 0x5f5f63695f6c6173745f726567656e65726174657c693a313439333838303437373b),
('t6f1pfhev0n9fi726sstr7oqhed1l1if', '127.0.0.1', 1493880807, 0x5f5f63695f6c6173745f726567656e65726174657c693a313439333838303532313b),
('3vpc1nroh8olsh3pqrp2h8av2fmjoq0q', '127.0.0.1', 1493881386, 0x5f5f63695f6c6173745f726567656e65726174657c693a313439333838313331333b),
('u9ceuibq5e2feuq9pnh14phnmmaf7n80', '127.0.0.1', 1494608376, 0x5f5f63695f6c6173745f726567656e65726174657c693a313439343630383337363b),
('59ah2l3qssutosv8oqa13jsf2d1kkd8d', '127.0.0.1', 1501476536, 0x5f5f63695f6c6173745f726567656e65726174657c693a313530313437363533363b),
('3plvk33brse3hr2k5ke3aq4dofdue23t', '127.0.0.1', 1501476820, 0x5f5f63695f6c6173745f726567656e65726174657c693a313530313437363738363b636172745f636f6e74656e74737c613a333a7b733a31303a22636172745f746f74616c223b643a34303030303b733a31313a22746f74616c5f6974656d73223b643a313b733a33323a226534646133623766626263653233343564373737326230363734613331386435223b613a363a7b733a323a226964223b733a313a2235223b733a333a22717479223b643a313b733a353a227072696365223b643a34303030303b733a343a226e616d65223b733a373a2253656e64616c20223b733a353a22726f776964223b733a33323a226534646133623766626263653233343564373737326230363734613331386435223b733a383a22737562746f74616c223b643a34303030303b7d7d);

-- --------------------------------------------------------

--
-- Table structure for table `groups`
--

CREATE TABLE `groups` (
  `id` tinyint(1) NOT NULL,
  `name` varchar(25) NOT NULL
) ENGINE=InnoDB DEFAULT CHARSET=latin1;

--
-- Dumping data for table `groups`
--

INSERT INTO `groups` (`id`, `name`) VALUES
(1, 'Admin'),
(2, 'Member');

-- --------------------------------------------------------

--
-- Table structure for table `invoices`
--

CREATE TABLE `invoices` (
  `id` int(10) NOT NULL,
  `date` datetime NOT NULL,
  `due_date` datetime NOT NULL,
  `user_id` int(10) NOT NULL,
  `status` enum('paid','confirmed','unpaid','canceled','expired') NOT NULL
) ENGINE=InnoDB DEFAULT CHARSET=latin1;

--
-- Dumping data for table `invoices`
--

INSERT INTO `invoices` (`id`, `date`, `due_date`, `user_id`, `status`) VALUES
(1, '2017-02-14 16:35:40', '2017-02-15 16:35:40', 0, 'unpaid'),
(2, '2017-02-14 16:36:49', '2017-02-15 16:36:49', 0, 'unpaid'),
(3, '2017-02-14 16:43:24', '2017-02-15 16:43:24', 0, 'unpaid'),
(4, '2017-02-14 16:59:53', '2017-02-15 16:59:53', 0, 'unpaid'),
(5, '2017-02-28 13:32:30', '2017-03-01 13:32:30', 0, 'unpaid'),
(6, '2017-02-28 13:32:35', '2017-03-01 13:32:35', 0, 'unpaid'),
(7, '2017-02-28 13:33:29', '2017-03-01 13:33:29', 0, 'unpaid'),
(8, '2017-02-28 13:34:48', '2017-03-01 13:34:48', 0, 'unpaid'),
(9, '2017-03-02 00:47:11', '2017-03-03 00:47:11', 0, 'unpaid'),
(10, '2017-03-02 00:56:28', '2017-03-03 00:56:28', 1, 'unpaid'),
(11, '2017-03-02 10:39:37', '2017-03-03 10:39:37', 2, 'confirmed');

-- --------------------------------------------------------

--
-- Table structure for table `orders`
--

CREATE TABLE `orders` (
  `id` int(110) NOT NULL,
  `invoice_id` int(10) NOT NULL,
  `product_id` int(10) NOT NULL,
  `product_name` varchar(50) NOT NULL,
  `qty` int(3) NOT NULL,
  `price` int(9) NOT NULL,
  `options` text NOT NULL
) ENGINE=InnoDB DEFAULT CHARSET=latin1;

--
-- Dumping data for table `orders`
--

INSERT INTO `orders` (`id`, `invoice_id`, `product_id`, `product_name`, `qty`, `price`, `options`) VALUES
(1, 2, 1, 'baju koko 1', 1, 50000, ''),
(2, 2, 6, 'sepatu merah', 1, 70000, ''),
(3, 3, 7, 'Baju Koko Arema', 1, 60000, ''),
(4, 3, 6, 'sepatu merah', 1, 70000, ''),
(5, 4, 3, 'Topi', 1, 50000, ''),
(6, 5, 6, 'sepatu merah', 1, 70000, ''),
(7, 5, 5, 'Sendal ', 1, 40000, ''),
(8, 5, 3, 'Topi', 1, 50000, ''),
(9, 7, 5, 'Sendal ', 1, 40000, ''),
(10, 7, 3, 'Topi', 1, 50000, ''),
(11, 7, 1, 'baju koko 1', 1, 50000, ''),
(12, 8, 6, 'sepatu merah', 3, 70000, ''),
(13, 9, 6, 'sepatu merah', 1, 70000, ''),
(14, 10, 3, 'Topi', 1, 50000, ''),
(15, 10, 1, 'baju koko 1', 1, 50000, ''),
(16, 11, 3, 'Topi', 1, 50000, '');

-- --------------------------------------------------------

--
-- Table structure for table `products`
--

CREATE TABLE `products` (
  `id` int(10) NOT NULL,
  `name` varchar(50) NOT NULL,
  `description` text NOT NULL,
  `price` int(9) NOT NULL,
  `stock` int(3) NOT NULL,
  `image` text NOT NULL
) ENGINE=InnoDB DEFAULT CHARSET=latin1;

--
-- Dumping data for table `products`
--

INSERT INTO `products` (`id`, `name`, `description`, `price`, `stock`, `image`) VALUES
(1, 'baju koko 1', 'baju busana muslim elegan dengan kain sutra', 50000, 5, 'baju_koko_persib.jpg'),
(3, 'Topi', 'Topi bukan Kopi', 50000, 5, 'topi1.jpg'),
(5, 'Sendal ', 'Sendal Jepit ', 40000, 5, 'Sendal_Jepit.jpg'),
(6, 'sepatu merah', 'sepatu merah', 70000, 6, 'sepatu2.jpg'),
(7, 'Baju Koko Arema', 'Baju koko aremania, singo edan', 60000, 10, 'baju_arema.jpg');

-- --------------------------------------------------------

--
-- Table structure for table `users`
--

CREATE TABLE `users` (
  `id` int(10) NOT NULL,
  `username` varchar(25) NOT NULL,
  `password` varchar(60) NOT NULL,
  `groups` tinyint(1) NOT NULL
) ENGINE=InnoDB DEFAULT CHARSET=latin1;

--
-- Dumping data for table `users`
--

INSERT INTO `users` (`id`, `username`, `password`, `groups`) VALUES
(1, 'admin', 'admin', 1),
(2, 'bob', 'abc123', 1);

-- --------------------------------------------------------

--
-- Table structure for table `user_test`
--

CREATE TABLE `user_test` (
  `id` int(11) NOT NULL,
  `nama` varchar(50) NOT NULL,
  `alamat` text NOT NULL,
  `pekerjaan` varchar(50) NOT NULL
) ENGINE=InnoDB DEFAULT CHARSET=latin1;

--
-- Dumping data for table `user_test`
--

INSERT INTO `user_test` (`id`, `nama`, `alamat`, `pekerjaan`) VALUES
(1, 'Andi', 'Surabaya', 'web programmer'),
(2, 'Santoso', 'Jakarta', 'Web Designer'),
(6, 'Samsul', 'Sumedang', 'Pegawai'),
(7, 'Bob', 'jakarta', 'penyanyi'),
(8, 'marley', 'afrika', 'penyanyi'),
(9, 'Bob', 'jakarta', 'penyanyi'),
(10, 'Bob', 'jakarta', 'penyanyi'),
(11, 'Bob', 'jakarta', 'penyanyi'),
(12, 'Bob', 'jakarta', 'penyanyi'),
(13, 'Bob', 'jakarta', 'penyanyi'),
(14, 'Bob', 'jakarta', 'penyanyi'),
(15, 'Bob', 'jakarta', 'penyanyi'),
(16, 'Bob', 'jakarta', 'penyanyi'),
(17, 'Bob', 'jakarta', 'penyanyi'),
(18, 'marley', 'afrika', 'penyanyi'),
(19, 'Bob', 'jakarta', 'penyanyi'),
(20, 'Bob', 'jakarta', 'penyanyi'),
(21, 'Bob', 'jakarta', 'penyanyi'),
(22, 'Bob', 'jakarta', 'penyanyi'),
(23, 'Bob', 'jakarta', 'penyanyi'),
(24, 'Bob', 'jakarta', 'penyanyi'),
(25, 'Bob', 'jakarta', 'penyanyi'),
(26, 'Bob', 'jakarta', 'penyanyi'),
(27, 'Bob', 'jakarta', 'penyanyi'),
(28, 'Bob', 'jakarta', 'penyanyi'),
(29, 'Bob', 'jakarta', 'penyanyi'),
(30, 'Bob', 'jakarta', 'penyanyi'),
(31, 'Bob', 'jakarta', 'penyanyi'),
(32, 'marley', 'afrika', 'penyanyi'),
(33, 'Bob', 'jakarta', 'penyanyi'),
(34, 'Bob', 'jakarta', 'penyanyi'),
(35, 'Bob', 'jakarta', 'penyanyi'),
(36, 'Bob', 'jakarta', 'penyanyi'),
(37, 'Bob', 'jakarta', 'penyanyi'),
(38, 'Bob', 'jakarta', 'penyanyi'),
(39, 'Bob', 'jakarta', 'penyanyi'),
(40, 'Bob', 'jakarta', 'penyanyi'),
(41, 'Bob', 'jakarta', 'penyanyi'),
(42, 'Bob', 'jakarta', 'penyanyi'),
(43, 'Bob', 'jakarta', 'penyanyi'),
(44, 'Bob', 'jakarta', 'penyanyi'),
(45, 'Bob', 'jakarta', 'penyanyi'),
(46, 'Bob', 'jakarta', 'penyanyi'),
(47, 'marley', 'afrika', 'penyanyi'),
(48, 'Bob', 'jakarta', 'penyanyi'),
(49, 'Bob', 'jakarta', 'penyanyi'),
(50, 'Bob', 'jakarta', 'penyanyi'),
(51, 'Bob', 'jakarta', 'penyanyi'),
(52, 'Bob', 'jakarta', 'penyanyi'),
(53, 'Bob', 'jakarta', 'penyanyi'),
(54, 'Bob', 'jakarta', 'penyanyi'),
(55, 'Bob', 'jakarta', 'penyanyi'),
(56, 'Bob', 'jakarta', 'penyanyi'),
(57, 'Bob', 'jakarta', 'penyanyi'),
(58, 'Bob', 'jakarta', 'penyanyi'),
(59, 'Bob', 'jakarta', 'penyanyi'),
(60, 'Bob', 'jakarta', 'penyanyi'),
(61, 'Bob', 'jakarta', 'penyanyi'),
(62, 'marley', 'afrika', 'penyanyi');

--
-- Indexes for dumped tables
--

--
-- Indexes for table `ci_sessions`
--
ALTER TABLE `ci_sessions`
  ADD KEY `ci_sessions_timestamp` (`timestamp`);

--
-- Indexes for table `groups`
--
ALTER TABLE `groups`
  ADD PRIMARY KEY (`id`);

--
-- Indexes for table `invoices`
--
ALTER TABLE `invoices`
  ADD PRIMARY KEY (`id`);

--
-- Indexes for table `orders`
--
ALTER TABLE `orders`
  ADD PRIMARY KEY (`id`);

--
-- Indexes for table `products`
--
ALTER TABLE `products`
  ADD PRIMARY KEY (`id`);

--
-- Indexes for table `users`
--
ALTER TABLE `users`
  ADD PRIMARY KEY (`id`);

--
-- Indexes for table `user_test`
--
ALTER TABLE `user_test`
  ADD PRIMARY KEY (`id`);

--
-- AUTO_INCREMENT for dumped tables
--

--
-- AUTO_INCREMENT for table `groups`
--
ALTER TABLE `groups`
  MODIFY `id` tinyint(1) NOT NULL AUTO_INCREMENT, AUTO_INCREMENT=3;
--
-- AUTO_INCREMENT for table `invoices`
--
ALTER TABLE `invoices`
  MODIFY `id` int(10) NOT NULL AUTO_INCREMENT, AUTO_INCREMENT=12;
--
-- AUTO_INCREMENT for table `orders`
--
ALTER TABLE `orders`
  MODIFY `id` int(110) NOT NULL AUTO_INCREMENT, AUTO_INCREMENT=17;
--
-- AUTO_INCREMENT for table `products`
--
ALTER TABLE `products`
  MODIFY `id` int(10) NOT NULL AUTO_INCREMENT, AUTO_INCREMENT=8;
--
-- AUTO_INCREMENT for table `users`
--
ALTER TABLE `users`
  MODIFY `id` int(10) NOT NULL AUTO_INCREMENT, AUTO_INCREMENT=3;
--
-- AUTO_INCREMENT for table `user_test`
--
ALTER TABLE `user_test`
  MODIFY `id` int(11) NOT NULL AUTO_INCREMENT, AUTO_INCREMENT=63;
/*!40101 SET CHARACTER_SET_CLIENT=@OLD_CHARACTER_SET_CLIENT */;
/*!40101 SET CHARACTER_SET_RESULTS=@OLD_CHARACTER_SET_RESULTS */;
/*!40101 SET COLLATION_CONNECTION=@OLD_COLLATION_CONNECTION */;
